1366210614953, false
1366210615556, true
1366210655928, false
1366210658095, true
1366210663809, false
1366210669086, true
1366210684017, false
1366210686635, true
1366210771485, false
1366210849685, true
1366210880989, false
1366210885385, true
1366210971278, false
1366210989650, true
1366211564145, false
1366211564555, true
1366211574524, false
1366211574729, true
1366212863804, false
1366212864993, true
1366213146495, false
1366213151102, true
1366214536354, false
1366214538346, true
1366215859028, false
